Company,Title,Location,URL,Source,Description
Accelo,Hybrid Work Model,,https://www.accelo.com/company/careers,careers,"Hybrid Work ModelWork from our Wollongong or Denver offices, or from home, depending on your team and role. To make your commute easier, we offer various commuting perks to ensure a smooth and stress-"
Brightwave,Project Manager jobs,,https://www.linkedin.com/company/linkedin/jobs,careers,"Project Manager jobs
      
 




              
        253,048 open jobs"
Cellebrite,Senior Financial Business Analyst,,https://cellebrite.com/en/about/careers/,careers,"TJ Shah Senior Financial Business Analyst   
Thereâ€™s something extraordinary about our team. Weâ€™re not just professionals; weâ€™re a group of passionate individuals with a shared can-do spirit. Itâ€™s alm"
Cellebrite,TJ Shah Senior Financial Business Analyst,,https://cellebrite.com/en/about/careers/,careers,"TJ Shah Senior Financial Business Analyst   
Thereâ€™s something extraordinary about our team. Weâ€™re not just professionals; weâ€™re a group of passionate individuals with a shared can-do spirit. Itâ€™s alm"
Cellebrite,USA Remote,,https://cellebrite.com/en/about/careers/positions/?comeet_cat=us-dc&comeet_all=all&rd,careers,"US DC

US NJ

USA Remote

 

US"
Feedzai,Is Feedzai a remote-friendly company?,,https://careers.feedzai.com/,careers,"Is Feedzai a remote-friendly company?
Yes!Â  At Feedzai, we offer a Flex/Remote work policy. If you are near an office location, we have three options for you to choose the work style that best suits y"
Granicus,Remote first,,https://www.linkedin.com/learning/,careers,"Remote first                                                    

Work is not where you are but the impact you make. That is why most of our roles are fully remote, while also accommodating hybrid and"
Huntington Bank,Remote Jobs,,https://huntington-careers.com/search/searchjobs?radius=25,careers,Remote Jobs
Huntington Bank,"Chelsie, Consumer Bank Program Manager",,https://huntington-careers.com/creative/careers-banking,careers,"â€œThe work environment and the culture at Huntington are very positive, thoughtful, purposeful, and motivational. I am motivated to succeed every day because I know that the company I work for supports"
Huntington Bank,Portfolio Manager,,https://huntington-careers.com/search/searchjobs?keyword=portfolio%20manager,careers,"Toggle Details
            


            Portfolio Manager
          




                  Responsible for supporting a specialty area in Commercial Banking by deepening and retaining assigned profi"
Huntington Bank,Search Portfolio Manager Jobs,,https://huntington-careers.com/search/searchjobs?keyword=portfolio%20manager,careers,Responsible for supporting a specialty area in Commercial Banking by deepening and retaining assigned profitable customer relationships and pro-actively evaluating and mitigating associated business r
Huntington Bank,Thoughtful work/life balance with remote opportunities,,https://huntington-careers.com/creative/careers-banking,careers,Thoughtful work/life balance with remote opportunities
L3Harris,"Specialist, Project Management","Greenville, Texas, Waco, Texas",https://careers.l3harris.com/en/job/greenville/specialist-project-management/4832/87349829920,careers,"Specialist, Project Management
Business Operations
Greenville, Texas, Waco, Texas"
L3Harris,neral Manager & Director - Program Management,"Carlstadt, New Jersey",https://careers.l3harris.com/en/job/carlstadt/neral-manager-and-director-program-management/4832/87578537888,careers,"neral Manager & Director - Program Management
Program Management
Carlstadt, New Jersey"
L3Harris,Remote,Use My Location,https://careers.l3harris.com/search-jobs/remote,careers,"Use My Location
Remote
Select a Country

Select a Country
Australia
Canada
India
Japan
Republic of Korea
Saudi Arabia
Singapore
Taiwan
United Arab Emirates
United Kingdom
United States



L3Harris has"
Magnet Forensics,Product Manager â€“ Cross-Platform Capabilities & Experiences,,https://jobs.lever.co/magnetforensics/c1a96e3a-d186-4543-b194-a02c3c55b7f8,careers,"Product Manager â€“ Cross-Platform Capabilities & Experiences


United States"
Magnet Forensics,"Director, Product Management â€“ Access & Extraction",,https://jobs.lever.co/magnetforensics/e09b0a5b-b2d3-4133-98df-f441cc7a3d12,careers,"Director, Product Management â€“ Access & Extraction


United States"
Magnet Forensics,Product Management,,https://www.magnetforensics.com/careers-at-magnet/,careers,Product Management
Magnet Forensics,Project Management Office,,https://www.magnetforensics.com/careers-at-magnet/,careers,Project Management Office
Tyler Tech,Remote Hearings,,https://www.tylertech.com/solutions/courts-public-safety/courts-justice/remote-hearings,careers,Remote Hearings
Replicant,Remote-friendly,,https://www.replicant.com/careers,careers,"Remote-friendlyFrom the Bay to New Brunswickâ€”we have employees across the world, so you can work wherever works for you!"
CertifiD,Hybrid environment with opportunities to collaborate with each team member,,https://www.certifid.com/company/careers,careers,Hybrid environment with opportunities to collaborate with each team member
CertifiD,"Remote, US",,https://www.certifid.com/company/careers,careers,"Remote, US"
F5,Hybrid Multicloud Application Delivery,,https://f5.com/solutions/hybrid-multicloud-application-delivery,careers,Hybrid Multicloud Application Delivery
F5,Hybrid Multicloud Management,,https://f5.com/products/hybrid-multicloud-management,careers,Hybrid Multicloud Management
Silent Eight,Technical Product Owner,"Technical Product Owner

Poland 
Â·

    Fully Remote",https://silenteight.teamtailor.com/jobs/6358771-technical-product-owner,careers,"Technical Product Owner

Poland 
Â·

    Fully Remote"
Silent Eight,Product Business Analyst,"Product Business Analyst

Poland , India
Â·

    Fully Remote",https://silenteight.teamtailor.com/jobs/6505278-product-business-analyst,careers,"Product Business Analyst

Poland , India
Â·

    Fully Remote"
Event Temple,"Senior Site Reliability EngineerFull TimeHalifax, Nova Scotia (Remote)","Senior Site Reliability EngineerFull TimeHalifax, Nova Scotia (Remote)",https://www.eventtemple.com/careers/senior-site-reliability-engineer,careers,"Senior Site Reliability EngineerFull TimeHalifax, Nova Scotia (Remote)"
Event Temple,Sales Development RepresentativeFull TimeCanada (Remote),Sales Development RepresentativeFull TimeCanada (Remote),https://www.eventtemple.com/careers/sales-development-representative-2,careers,Sales Development RepresentativeFull TimeCanada (Remote)
Event Temple,"Regional Director of Sales (North America West)ContractorUSA (West), Remote","Regional Director of Sales (North America West)ContractorUSA (West), Remote",https://www.eventtemple.com/careers/regional-director-of-sales-north-america-west,careers,"Regional Director of Sales (North America West)ContractorUSA (West), Remote"
Event Temple,Director of Customer Success (North America East)Full TimeCanada East (Remote),Director of Customer Success (North America East)Full TimeCanada East (Remote),https://www.eventtemple.com/careers/director-of-customer-success-north-america-east,careers,Director of Customer Success (North America East)Full TimeCanada East (Remote)
Event Temple,"Full TimeHalifax, Nova Scotia (Remote)",,https://www.eventtemple.com/careers,careers,"Full TimeHalifax, Nova Scotia (Remote)"
Event Temple,Full TimeCanada (Remote),,https://www.eventtemple.com/careers,careers,Full TimeCanada (Remote)
Event Temple,Staff Software EngineerFull TimeCanada (Remote),,https://www.eventtemple.com/careers,careers,Staff Software EngineerFull TimeCanada (Remote)
Event Temple,"ContractorUSA (West), Remote",,https://www.eventtemple.com/careers,careers,"ContractorUSA (West), Remote"
Event Temple,Full TimeCanada East (Remote),,https://www.eventtemple.com/careers,careers,Full TimeCanada East (Remote)
Whova,Hybrid & Virtual Events,,https://whova.com/jobs/,careers,"Hybrid & Virtual Events

Hybrid Event Platform
Virtual Conference Platform"
Whova,Hybrid Event Platform,,https://whova.com/hybrid-event-platform/,careers,Hybrid Event Platform
Givebutter,"Senior Product Manager, Donor Experience & Payments",,https://givebutter.com/careers,careers,"Senior Product Manager, Donor Experience & Payments"
Givebutter,Join a team thatâ€™s 100% remote,View jobs,https://givebutter.com/careers,careers,Join a team thatâ€™s 100% remoteWe were remote-first before it was cool ðŸ˜ŽView jobs
Givebutter,It feels good coming to work (remotely) every day to help nonprofits do more good in the world!,"It feels good coming to work (remotely) every day to help nonprofits do more good in the world! With so many stagnant tech companies in the nonprofit fundraising space, it is refreshing to be a part of a product-led growth company that is obsessed with innovating rapidly based on user feedback. Our culture is fun, diverse, and accepting, and each team member has a good amount of autonomy for how they reach their goals.â€“ Anonymous employee",https://givebutter.com/careers,careers,"It feels good coming to work (remotely) every day to help nonprofits do more good in the world! With so many stagnant tech companies in the nonprofit fundraising space, it is refreshing to be a part o"
Givebutter,185 of the best companies for remote work in 2022 ->,185 of the best companies for remote work in 2022 ->,https://givebutter.com/careers,careers,185 of the best companies for remote work in 2022 ->
Givebutter,"Senior Product Manager, Growth",,https://givebutter.com/careers,careers,"Senior Product Manager, Growth"
Harris Corporation,"Specialist, Project Management","Greenville, Texas, Waco, Texas",https://careers.l3harris.com/en/job/greenville/specialist-project-management/4832/87349829920,careers,"Specialist, Project Management
Business Operations
Greenville, Texas, Waco, Texas"
Harris Corporation,neral Manager & Director - Program Management,"Carlstadt, New Jersey",https://careers.l3harris.com/en/job/carlstadt/neral-manager-and-director-program-management/4832/87578537888,careers,"neral Manager & Director - Program Management
Program Management
Carlstadt, New Jersey"
Harris Corporation,Remote,Use My Location,https://careers.l3harris.com/search-jobs/remote,careers,"Use My Location
Remote
Select a Country

Select a Country
Australia
Canada
India
Japan
Republic of Korea
Saudi Arabia
Singapore
Taiwan
United Arab Emirates
United Kingdom
United States



L3Harris has"
Tyler Technologies,Remote Hearings,,https://www.tylertech.com/solutions/courts-public-safety/courts-justice/remote-hearings,careers,Remote Hearings
Airbus Defence and Space,Hybrid and electric flight,,https://www.airbus.com/en/innovation/energy-transition/hybrid-and-electric-flight,careers,Hybrid and electric flight
Fiserv,Product Management,,https://www.careers.fiserv.com/product-management,careers,Product Management
ThreatMetrix,Medicaid Program Management,,https://risk.lexisnexis.com/government/medicaid-program-management,careers,Medicaid Program Management
Sepura,Hybrid TETRA and 4G/5G,,https://sepura.com/hybrid-tetra-and-lte/,careers,Hybrid TETRA and 4G/5G
